{
  "credit_card": {
    "n_samples": 5000,
    "n_features": 30,
    "n_anomalies": 8,
    "anomaly_rate": 0.0016,
    "feature_means_normal": [
      0.002423540145227262,
      0.012651435824281113,
      -0.013734461596961966,
      -0.01215713750453015,
      0.016579478214892324,
      0.018027090776933603,
      -0.016490957521588707,
      -0.007906286120904295,
      0.023538090895607537,
      0.01136696808695768,
      -0.0035245009391794845,
      -0.02124782066780018,
      -0.011155340422514263,
      0.006368734261867995,
      -0.01338766945693794,
      -0.02276658014036341,
      -0.008040519211000253,
      -0.021461912634687753,
      -0.021711767163359173,
      -0.006714536302167713,
      -0.029082685818698613,
      -0.005578460942416333,
      -0.010330143719227733,
      0.016001996858831802,
      0.04822157318232502,
      -0.008265866197604178,
      0.007061354991525941,
      -0.008474184853906728,
      -0.003209199802729127,
      -0.00017172894494625195
    ],
    "feature_stds_normal": [
      1.0203833030029135,
      1.0009181223969277,
      1.0022344953889553,
      1.0141270333709365,
      0.9807806875994104,
      1.0041262565099784,
      1.0014159662469346,
      0.9973750858011496,
      0.9946140301082342,
      1.009955563258117,
      1.0063258737862566,
      1.0088076448045884,
      0.9992179724765553,
      0.988391859174493,
      1.0090073398138202,
      1.0026424268367813,
      0.9982742730248297,
      1.0217483132984901,
      0.9998846883197984,
      1.0046980260730691,
      0.9972535491909007,
      1.0096214627118831,
      0.9979687090317264,
      1.020687170295077,
      0.9947754695031668,
      1.012599009906728,
      0.9952260991742841,
      1.0164647735662842,
      0.9927235891738176,
      1.0001926784815418
    ],
    "feature_means_anomaly": [
      0.45007712516071424,
      -0.5379981678909755,
      0.29634356299840925,
      -0.17155680275093413,
      1.0460513712993549,
      -0.16453386545650822,
      0.7504481055738483,
      0.6800693288274783,
      0.15562517533062914,
      -0.03885685592694832,
      0.6591299953560055,
      -0.00044174494543333664,
      -1.2237573170540232,
      0.31517978453100565,
      0.793386738728301,
      -0.4991850883363552,
      1.4758369704384484,
      1.1155567900457746,
      0.5588170592916134,
      0.8456467934726308,
      0.5358783483384861,
      0.9004426552576401,
      -0.08286745597480026,
      0.6051671783942008,
      1.4381510754863283,
      0.6654594586971754,
      0.13366599542041835,
      1.0053911589108886,
      2.002540676902804,
      0.10715886164720537
    ],
    "feature_stds_anomaly": [
      1.2590964909027758,
      1.6783328257264538,
      0.9503657666003145,
      1.6534156366447499,
      1.9429270383480037,
      1.546707065614978,
      1.29735006899756,
      1.6399897359500253,
      0.6975932862883056,
      1.383105214698413,
      1.2019584262178618,
      1.2227589447026763,
      1.4749578282934768,
      1.5495455145759653,
      0.8098822224847043,
      1.5663798133021196,
      1.0891057728704931,
      1.4722916219275337,
      1.1640225812822749,
      0.8899812573426129,
      1.3358094585863178,
      0.9955055813853066,
      1.5147401913654206,
      1.0736050284000744,
      1.013936419211714,
      1.7314780857552836,
      0.78146584655385,
      1.062372789933784,
      2.45587593230283,
      0.8648772543707977
    ]
  },
  "network": {
    "n_samples": 3000,
    "n_features": 5,
    "n_anomalies": 60,
    "anomaly_rate": 0.02,
    "feature_means_normal": [
      0.009747346461200379,
      0.010315313164219467,
      39.65272521011275,
      8.05660630036418,
      0.011640442235502606
    ],
    "feature_stds_normal": [
      0.7028899785357355,
      0.7111569880309979,
      43.43755391365822,
      8.976451414693653,
      0.2981663920962895
    ],
    "feature_means_anomaly": [
      0.5836809132122709,
      0.7316184266190263,
      101.37213941472803,
      1.0211573485675656,
      3.0077940902233347
    ],
    "feature_stds_anomaly": [
      0.2596746609473393,
      0.2379498683443073,
      17.41751214128339,
      0.48541157895257614,
      0.5243584113103664
    ]
  },
  "manufacturing": {
    "n_samples": 2000,
    "n_features": 5,
    "n_anomalies": 30,
    "anomaly_rate": 0.015,
    "feature_means_normal": [
      39.99567753149581,
      0.00038505471390130023,
      0.0014370437559734564,
      40.080524489028306,
      -0.0848469575324196
    ],
    "feature_stds_normal": [
      8.013797404608972,
      0.7066820754077328,
      0.7075296678836375,
      7.909624797100983,
      1.5053556701109896
    ],
    "feature_means_anomaly": [
      60.56412955478062,
      0.5926652133999386,
      0.6528501291155844,
      45.741048495217385,
      14.823081059563242
    ],
    "feature_stds_anomaly": [
      6.654293526197764,
      0.3626058076542179,
      0.30174771249307275,
      5.907289400297007,
      1.9198920311070928
    ]
  }
}