{
  "credit_card": {
    "true_contamination": 0.0017,
    "detectors": {
      "IsolationForest": {
        "contamination_range": [
          0.001,
          0.004413793103448276,
          0.007827586206896553,
          0.011241379310344829,
          0.014655172413793105,
          0.01806896551724138,
          0.021482758620689657,
          0.024896551724137933,
          0.02831034482758621,
          0.031724137931034485,
          0.03513793103448276,
          0.03855172413793104,
          0.04196551724137931,
          0.04537931034482759,
          0.048793103448275865,
          0.05220689655172414,
          0.05562068965517242,
          0.05903448275862069,
          0.06244827586206897,
          0.06586206896551725,
          0.06927586206896552,
          0.0726896551724138,
          0.07610344827586207,
          0.07951724137931035,
          0.08293103448275863,
          0.0863448275862069,
          0.08975862068965518,
          0.09317241379310345,
          0.09658620689655173,
          0.1
        ],
        "f1": [
          1.0,
          0.3333,
          0.2222,
          0.1538,
          0.125,
          0.1,
          0.087,
          0.0769,
          0.0667,
          0.0606,
          0.0541,
          0.05,
          0.0465,
          0.0426,
          0.04,
          0.037,
          0.0351,
          0.0333,
          0.0312,
          0.0299,
          0.0282,
          0.027,
          0.0256,
          0.0247,
          0.0238,
          0.0227,
          0.022,
          0.0211,
          0.0204,
          0.0198
        ],
        "precision": [
          1.0,
          0.2,
          0.125,
          0.0833,
          0.0667,
          0.0526,
          0.0455,
          0.04,
          0.0345,
          0.0312,
          0.0278,
          0.0256,
          0.0238,
          0.0217,
          0.0204,
          0.0189,
          0.0179,
          0.0169,
          0.0159,
          0.0152,
          0.0143,
          0.0137,
          0.013,
          0.0125,
          0.012,
          0.0115,
          0.0111,
          0.0106,
          0.0103,
          0.01
        ],
        "recall": [
          1.0,
          1.0,
          1.0,
          1.0,
          1.0,
          1.0,
          1.0,
          1.0,
          1.0,
          1.0,
          1.0,
          1.0,
          1.0,
          1.0,
          1.0,
          1.0,
          1.0,
          1.0,
          1.0,
          1.0,
          1.0,
          1.0,
          1.0,
          1.0,
          1.0,
          1.0,
          1.0,
          1.0,
          1.0,
          1.0
        ],
        "peak_f1": 1.0,
        "f1_range": 0.9802
      },
      "Mahalanobis": {
        "contamination_range": [
          0.001,
          0.004413793103448276,
          0.007827586206896553,
          0.011241379310344829,
          0.014655172413793105,
          0.01806896551724138,
          0.021482758620689657,
          0.024896551724137933,
          0.02831034482758621,
          0.031724137931034485,
          0.03513793103448276,
          0.03855172413793104,
          0.04196551724137931,
          0.04537931034482759,
          0.048793103448275865,
          0.05220689655172414,
          0.05562068965517242,
          0.05903448275862069,
          0.06244827586206897,
          0.06586206896551725,
          0.06927586206896552,
          0.0726896551724138,
          0.07610344827586207,
          0.07951724137931035,
          0.08293103448275863,
          0.0863448275862069,
          0.08975862068965518,
          0.09317241379310345,
          0.09658620689655173,
          0.1
        ],
        "f1": [
          1.0,
          0.3333,
          0.2222,
          0.1538,
          0.125,
          0.1,
          0.087,
          0.0769,
          0.0667,
          0.0606,
          0.0541,
          0.05,
          0.0465,
          0.0426,
          0.04,
          0.037,
          0.0351,
          0.0333,
          0.0312,
          0.0299,
          0.0282,
          0.027,
          0.0256,
          0.0247,
          0.0238,
          0.0227,
          0.022,
          0.0211,
          0.0204,
          0.0198
        ],
        "precision": [
          1.0,
          0.2,
          0.125,
          0.0833,
          0.0667,
          0.0526,
          0.0455,
          0.04,
          0.0345,
          0.0312,
          0.0278,
          0.0256,
          0.0238,
          0.0217,
          0.0204,
          0.0189,
          0.0179,
          0.0169,
          0.0159,
          0.0152,
          0.0143,
          0.0137,
          0.013,
          0.0125,
          0.012,
          0.0115,
          0.0111,
          0.0106,
          0.0103,
          0.01
        ],
        "recall": [
          1.0,
          1.0,
          1.0,
          1.0,
          1.0,
          1.0,
          1.0,
          1.0,
          1.0,
          1.0,
          1.0,
          1.0,
          1.0,
          1.0,
          1.0,
          1.0,
          1.0,
          1.0,
          1.0,
          1.0,
          1.0,
          1.0,
          1.0,
          1.0,
          1.0,
          1.0,
          1.0,
          1.0,
          1.0,
          1.0
        ],
        "peak_f1": 1.0,
        "f1_range": 0.9802
      }
    }
  },
  "network": {
    "true_contamination": 0.02,
    "detectors": {
      "IsolationForest": {
        "contamination_range": [
          0.001,
          0.004413793103448276,
          0.007827586206896553,
          0.011241379310344829,
          0.014655172413793105,
          0.01806896551724138,
          0.021482758620689657,
          0.024896551724137933,
          0.02831034482758621,
          0.031724137931034485,
          0.03513793103448276,
          0.03855172413793104,
          0.04196551724137931,
          0.04537931034482759,
          0.048793103448275865,
          0.05220689655172414,
          0.05562068965517242,
          0.05903448275862069,
          0.06244827586206897,
          0.06586206896551725,
          0.06927586206896552,
          0.0726896551724138,
          0.07610344827586207,
          0.07951724137931035,
          0.08293103448275863,
          0.0863448275862069,
          0.08975862068965518,
          0.09317241379310345,
          0.09658620689655173,
          0.1
        ],
        "f1": [
          0.1818,
          0.4615,
          0.6667,
          0.8235,
          0.9474,
          0.9524,
          0.8696,
          0.8,
          0.7407,
          0.6667,
          0.625,
          0.5882,
          0.5556,
          0.5263,
          0.5,
          0.4762,
          0.4545,
          0.4348,
          0.4167,
          0.4,
          0.3846,
          0.3704,
          0.3571,
          0.3448,
          0.3333,
          0.3226,
          0.3125,
          0.303,
          0.2941,
          0.2857
        ],
        "precision": [
          1.0,
          1.0,
          1.0,
          1.0,
          1.0,
          0.9091,
          0.7692,
          0.6667,
          0.5882,
          0.5,
          0.4545,
          0.4167,
          0.3846,
          0.3571,
          0.3333,
          0.3125,
          0.2941,
          0.2778,
          0.2632,
          0.25,
          0.2381,
          0.2273,
          0.2174,
          0.2083,
          0.2,
          0.1923,
          0.1852,
          0.1786,
          0.1724,
          0.1667
        ],
        "recall": [
          0.1,
          0.3,
          0.5,
          0.7,
          0.9,
          1.0,
          1.0,
          1.0,
          1.0,
          1.0,
          1.0,
          1.0,
          1.0,
          1.0,
          1.0,
          1.0,
          1.0,
          1.0,
          1.0,
          1.0,
          1.0,
          1.0,
          1.0,
          1.0,
          1.0,
          1.0,
          1.0,
          1.0,
          1.0,
          1.0
        ],
        "peak_f1": 0.9524,